{
    "$schema": "http://json-schema.org/draft-04/schema#",
    "title": "Thing",
    "description": "Thing",
    "type": "object",
    "properties": {
        "uuid": {
            "title": "UUID",
            "description": "UUID",
            "type": "string"
        },
        "owner": {
            "title": "Owner",
            "description": "Owner ID",
            "type": "string"
        },
        "name": {
            "title": "Name",
            "description": "Name",
            "type": "string"
        },
        "description": {
            "title": "Description",
            "description": "Description",
            "type": "string"
        },
        "created": {
            "title": "Content",
            "description": "Content",
            "type": "string",
            "format": "date-time"
        },
        "lastModified": {
            "title": "Content",
            "description": "Content",
            "type": "string",
            "format": "date-time"
        }
    },
    "additionalProperties": false,
    "required": ["uuid", "owner", "name", "description", "created", "lastModified"]
}
