{
    "$schema": "http://json-schema.org/draft-04/schema#",
    "title": "Thing",
    "description": " Thing",
    "type": "object",
    "properties": {
        "uuid": {
            "title": "UUID",
            "description": "UUID",
            "type": "string"
        },
        "owner": {
            "title": "Owner",
            "description": "Owner ID",
            "type": "string"
        },
        "name": {
            "title": "Name",
            "description": "Name",
            "type": "string"
        },
        "description": {
            "title": "Description",
            "description": "Description",
            "type": "string"
        }

    },
    "additionalProperties": false,
    "required": ["name", "description"]
}
