{
  "type": "object",
  "properties": {
    "logger": {
      "type": "object"
    },
    "database": {
      "type": "object",
      "properties": {
        "url": {
          "type": "string"
        }
      },
      "required": ["url"]
    },
    "contentManager": {
      "$schema": "http://json-schema.org/draft-04/schema#",
      "type": "object",
      "properties": {
        "assetManager": {
          "type": "object",
          "properties": {
            "referrer": {
              "type": "string"
            },
            "region": {
              "type": "string"
            },
            "resolveAssetsLambdaName": {
              "type": "string"
            },
            "referenceAssetsLambdaName": {
              "type": "string"
            },
            "unreferenceAssetsLambdaName": {
              "type": "string"
            }
          },
          "required": ["referrer", "region", "resolveAssetsLambdaName", "referenceAssetsLambdaName", "unreferenceAssetsLambdaName"]
        }
      },
      "required": ["assetManager"],
      "additionalProperties": false
    },
    "kinesis": {
      "type": "object",
      "properties": {
        "region": {
          "type": "string"
        },
        "stream": {
          "type": "string"
        }
      },
      "required": ["region", "stream"]
    }
  },
  "required": ["logger", "database", "contentManager", "kinesis"]
}
